0,1
Mã,Tên tiếng Việt
B82,Công ty TNHH Thiết Bị An Phú
BBC,Công ty Cổ phần Bibica
BBS,Công ty Cổ phần Bao bì Xi măng Bút Sơn
BBT,Công ty Cổ phần Bông Bạch Tuyết
BCC,Công ty Cổ phần Xi măng Bỉm Sơn
BHS,Công ty Cổ phần Đường Biên Hòa
BHV,Công ty Cổ phần Bá Hiến Viglacera
BMI,Công ty Cổ phần Bảo hiểm Bảo Minh
BMC,Công ty Cổ phần Khoáng sản Bình Định
BMP,Công ty Cổ phần Nhựa Bình Minh
BPC,Công ty Cổ phần Bao bì Bỉm Sơn
BT6,Công ty Cổ phần Bê tông 620 Châu Thới
BTC,Công ty Cổ phần Cơ khí và Xây dựng Bình Triệu
BTS,Công ty Cổ phần Xi măng Bút Sơn
BVS,Công ty Cổ phần Chứng khoán Bảo Việt
CAN,Công ty Cổ phần Đồ hộp Hạ Long
CID,Công ty Cổ phần Xây dựng và Phát triển Cơ sở hạ tầng
CII,Công ty Cổ phần Đầu tư Hạ tầng Kỹ thuật Tp.HCM
CLC,Công ty Cổ phần Cát Lợi
CMC,Công ty Cổ phần Xây dựng và cơ khí Số 1
COM,Công ty Cổ phần Comeco
CTB,Công ty Cổ phần Chế tạo Bơm Hải Dương
CYC,Công ty Cổ phần Gạch men Chang Yih
DAC,Công ty cổ phần gốm sứ Đông Anh
DCT,Công ty Cổ phần Tấm lợp Đồng Nai
DHA,Công ty Cổ phần Đá Hóa An
DPC,Công ty Cổ phần Nhựa Đà Nẵng
DXP,Công ty Cổ phần Cảng Đoạn Xá
EBS,Công ty cổ phần Sách Giáo dục tại Tp.Hà Nội
FMC,Công ty Cổ phần Thực phẩm Sao Ta
FPC,Công ty Cổ phần Full Power
FPT,Công ty Cổ phần Phát triển Đầu tư Công nghệ
GHA,Công ty Cổ phần Giấy Hải Âu
GIL,Công ty Cổ phần Sản xuất kinh doanh và Xuất nhập khẩu Bình Thạnh
GMD,Công ty Cổ phần Đại lý Liên hiệp Vận chuyển
HAP,Công ty cổ phần giấy Hải Phòng
HAS,Công ty Cổ phần Xây lắp Bưu điện Hà Nội
HSC,Công ty cổ phần Hacinco
HEM,Công ty cổ phần Chế tạo Điện cơ Hà Nội
HTV,Công ty Cổ phần Vận tải Hà Tiên
ICF,Công ty Cổ phần Đầu tư Thương mại Thủy sản
IFS,Công ty Cổ phần Thực phẩm quốc tế
ILC,Công ty cổ phần Hợp tác lao động với nước ngoài
IMP,Công ty Cổ phần Dược phẩm Imexpham
ITA,Công ty Cổ phần Khu công nghiệp Tân Tạo
KDC,Công ty Cổ phần Kinh Đô Miền Nam
KHA,Công ty Cổ phần Xuất nhập khẩu Khánh Hội
KHP,Công ty cổ phần điện lực Khánh Hòa
KOS,Công ty cổ phần KOSY
LAF,Công ty Cổ phần Chế biến Hàng xuất khẩu Long An
MCP,Công ty Cổ phần In và Bao bì Mỹ Châu
MCV,Công ty Cổ phần Cavico Việt Nam Khai thác Mỏ và Xây dựng
MHC,Công ty Cổ phần Hàng hải Hà Nội
MPC,Công ty Cổ phần Thủy Sản Minh Phú
NAV,Công ty Cổ phần Nam Việt
NHC,Công ty Cổ phần Gạch Ngói Nhị Hiệp
NKD,Công ty Cổ phần Chế biến Thực phẩm Kinh Đô Miền Bắc
NSC,Công ty Cổ phần Giống cây trồng Trung ương
SFC,Công ty Cổ phần Nhiên Liệu Sài Gòn
PAC,Công ty Cổ phần Pin Ắc quy Miền Nam
PGC,Công ty Cổ phần Gas Petrolimex
PJT,Công ty Cổ phần Vận tải xăng dầu đường thủy Petrolimex
PMS,Công ty Cổ phần Cơ khí Xăng dầu
PNC,Công ty Cổ phần Văn hoá Phương Nam
PPC,Công ty Cổ phần Nhiệt điện Phả Lại
PRUBF1,Quỹ Đầu tư Cân bằng Prudential
PVD,Công ty Cổ phần Khoan và Dịch vụ Khoan Dầu khí
QCG,CTCP Quốc Cường Gia Lai
REE,Công ty Cổ phần Cơ điện lạnh
SAM,Công ty Cổ phần Cáp và Vật liệu Viễn thông
SAV,Công ty Cổ phần Hợp tác Kinh tế và Xuất nhập khẩu
SGC,Công ty Cổ phần Xuất nhập khẩu Sa Giang
SGH,Công ty Cổ phần Khách sạn Sài Gòn
SHC,Công ty Cổ phần Hàng hải Sài Gòn
SJS,Công ty Cổ phần Đầu tư Phát triển Đô thị và Khu công nghiệp Sông Đà
SMC,Công ty Cổ phần Đầu tư Thương mại SMC
SSC,Công ty Giống cây trồng Miền Nam
SSI,Công ty Cổ phần Chứng khoán Sài Gòn
STB,Ngân hàng Thương mại Cổ phần Sài Gòn Thương tín
STP,Công ty Cổ phần Bao bì Sông Đà
TBC,Công ty Cổ phần Thủy điện Thác Bà
TKU,Công ty Cổ phần Công nghiệp Tung Kuang
TMS,Công ty Cổ phầnTransimex
TNA,Công ty Cổ phần Thương mại Xuất nhập khẩu Thiên Nam
TRI,Công ty Cổ phần Nước giải khát Sài Gòn
TS4,Công ty Cổ phần Thủy sản số 4
TTC,Công ty Cổ phần Gạch men Thanh Thanh
TYA,Công ty Cổ phần Dây và Cáp điện TAYA Việt Nam
TOT,Công ty Cổ phần Vận tải Transimex
TLG,Công ty Cổ phần Tập đoàn Thiên Long
UNI,Công ty Cổ phần Viễn Liên
VC1,Công ty cổ phần xây dựng số 1
VFC,Công ty cổ phần VINAFCO
VFMVF1,Chứng chỉ Quỹ đầu tư Chứng khoán Việt Nam
VNM,Công ty Cổ phần Sữa Việt Nam
VNR,Tổng công ty Cổ phần Tái bảo hiểm Việt Nam
VSH,Công ty Cổ phần Thủy điện Vĩnh Sơn - Sông Hinh
VTC,Công ty Cổ phần Viễn thông VTC
VTL,Công ty Cổ phần Thăng Long
VTS,Công ty Cổ phần Gốm sứ Từ Sơn - Viglacera
VFR,Công ty Cổ phần Vận tải và Thuê tàu
24H,Công ty Cổ phần Quảng cáo trực tuyến 24H
A32,Công ty Cổ phần 32
AAA,Công ty Cổ phần Nhựa An Phát Xanh
AAM,Công ty Cổ phần Thủy sản Mekong
ABC,Công ty cổ phần Truyền thông VMG
ABI,Công ty Cổ phần Bảo hiểm Ngân hàng Nông nghiệp
ABT,Công ty Cổ phần Xuất nhập khẩu Thủy sản Bến Tre
AC4,Công ty Cổ phần ACC - 244
ACB,Ngân hàng Thương mại Cổ phần Á Châu
ACC,Công ty cổ phần Bê tông Becamex
ACE,Công ty Cổ phần Bê tông ly tâm An Giang
ACL,Công ty cổ phần Xuất nhập khẩu Thủy sản Cửu Long An Giang
ACM,CTCP Tập đoàn Khoáng sản Á Cường
ACV,Tổng công ty Cảng hàng không Việt Nam - CTCP
ADC,Công ty Cổ phần Mĩ thuật và Truyền thông
ADP,Công ty Cổ phần Sơn Á Đông
ADS,Công ty cổ phần Damsan
AFX,Công ty Cổ phần Xuất nhập khẩu Nông sản Thực phẩm An Giang
AGC,Công ty Cổ phần Cà phê An Giang
AGD,Công ty Cổ phần Gò Đàng
AGF,Công ty Cổ phần Xuất nhập khẩu Thủy sản An Giang
AGM,Công ty cổ phần Xuất nhập khẩu An Giang
AGP,CTCP Dược phẩm Agimexpharm
AGR,Công ty Cổ phần Chứng khoán Nông nghiệp và Phát triển Nông thôn
AGX,Công ty cổ phần Thực phẩm Nông sản Xuất khẩu Sài Gòn
ALP,Công ty Cổ phần Đầu tư Alphanam
ALT,Công ty Cổ phần Văn hóa Tân Bình
ALV,Công ty Cổ phần Khoáng sản Vinas A Lưới
AMC,Công ty cổ phần Khoáng sản Á Châu
AMD,Công ty cổ phần Đầu tư và Khoáng sản AMD Group
AME,Công ty Cổ phần Alphanam E&C
AMP,Công ty Cổ phần Armephaco
AMS,Công ty Cổ phần Cơ khí xây dựng AMECC
AMV,CTCP Sản xuất Kinh doanh Dược và Trang thiết bị Y tế Việt Mỹ
ANC11601,Công ty Cổ phần Dinh dưỡng Nông nghiệp Quốc tế
ANT,CTCP Rau quả Thực phẩm An Giang
ANV,Công ty Cổ phần Nam Việt
APC,Công ty Cổ phần Chiếu xạ An Phú
APG,Công ty Cổ phần Chứng khoán An Phát
API,Công ty Cổ phần Đầu tư Châu Á - Thái Bình Dương
APL,CTCP Cơ khí và Thiết bị áp lực - VVMI
APP,Công ty Cổ phần Phát triển Phụ gia và Sản phẩm Dầu mỏ
APS,Công ty Cổ phần Chứng khoán Châu Á – Thái Bình Dương
ARM,Công ty Cổ phần Xuất nhập khẩu Hàng không
ASA,Công ty cổ phần Liên doanh SANA WMT
ASD,Công ty Cổ phần Sông Đà Hà Nội
ASIAGF,Quỹ đầu tư tăng trưởng ACB
ASM,Công ty Cổ phần Tập đoàn Sao Mai
ASP,Công ty Cổ phần Tập đoàn Dầu khí An Pha
ATA,Công ty Cổ phần NTACO
ATG,Công ty Cổ phần An Trường An
ATS,CTCP Suất ăn công nghiệp Atesco
AUM,CTCP Vinacafe Sơn Thành
AVF,Công ty Cổ phần Việt An
AVS,Công ty Cổ phần Chứng khoán Âu Việt
B82,Công ty Cổ phần 482
BAM,CTCP Khoáng sản và Luyện kim Bắc Á
BAS,Công ty Cổ phần Basa
BAX,Công ty Cổ phần Thống Nhất
BBS,Công ty cổ phần VICEM Bao bì Bút Sơn
BCE,Công ty Cổ phần Xây dựng và Giao thông Bình Dương
BCG,Công ty cổ phần Bamboo Capital
BCI,Công ty Cổ phần Đầu tư Xây dựng Bình Chánh
BCP,Công ty cổ phần Dược Becamex
BDB,Công ty Cổ phần Sách và Thiết bị Bình Định
BDF,Công ty cổ phần Giày Bình Định
BDG,CTCP May mặc Bình Dương
BDW,Công ty cổ phần Cấp thoát nước Bình Định
BED,Công ty Cổ phần Sách và Thiết bị trường học Đà Nẵng
BEL,CTCP Điện tử Biên Hòa
BFC,Công ty cổ phần Phân bón Bình Điền
BGM,Công ty Cổ phần Khai thác và Chế biến Khoáng sản Bắc Giang
BHC,Công ty Cổ phần Bê tông Biên Hòa
BHN,Tổng CTCP Bia - Rượu - Nước giải khát Hà Nội
BHP,Công ty Cổ phần Bia Hà Nội - Hải Phòng
BHS,Công ty Cổ phần Đường Biên Hoà
BHT,Công ty Cổ phần Đầu tư Xây dựng Bạch Đằng TMC
BHV,Công ty Cổ phần Viglacera Bá Hiến
BIC,Tổng Công ty Cổ phần Bảo hiểm Ngân hàng Đầu tư và phát triển Việt Nam
BID,Ngân hàng Thương mại cổ phần Đầu tư và Phát triển Việt Nam
BII,Công ty cổ phần Đầu tư và Phát triển Công nghiệp Bảo Thư
BKC,Công ty Cổ phần Khoáng sản Bắc Kạn
BLF,Công ty Cổ phần Thủy sản Bạc Liêu
BLI,Tổng Công ty cổ phần Bảo hiểm Bảo Long
BLN,CTCP Vận tải và Dịch vụ Liên Ninh
BMI,Tổng Công ty Cổ phần Bảo Minh
BMJ,Công ty Cổ phần Khoáng sản Becamex
BMN,Công ty Cổ phần 715
BPC,Công ty cổ phần Vicem Bao bì Bỉm Sơn
BRC,Công ty Cổ phần Cao su Bến Thành
BRS,Công ty Cổ phần Dịch vụ đô thị Bà Rịa
BSC,Công ty Cổ phần Dịch vụ Bến Thành
BSG,Công ty Cổ phần Xe khách Sài Gòn
BSI,Công ty cổ phần Chứng khoán Ngân hàng Đầu tư và Phát triển Việt Nam
BSP,CTCP Bia Sài Gòn - Phú Thọ
BSQ,Công ty cổ phần Bia Sài Gòn - Quảng Ngãi
BST,Công ty Cổ phần Sách - Thiết bị Bình Thuận
BT1,Công ty cổ phần Bảo vệ Thực vật 1 Trung ương
BT6,Công ty Cổ phần Beton 6
BTB,Công ty Cổ phần Bia Hà Nội - Thái Bình
BTD,Công ty Cổ phần Bê tông Ly tâm Thủ Đức
BTG,Công ty Cổ phần Bao bì Tiền Giang
BTH,Công ty Cổ phần Chế tạo Biến thế và Vật liệu điện Hà Nội
BTP,Công ty Cổ phần Nhiệt điện Bà Rịa
BTR,CTCP Đường sắt Bình Trị Thiên
BTS,Công ty cổ phần Xi măng Vicem Bút Sơn
BTT,Công ty Cổ phần Thương mại - Dịch vụ Bến Thành
BTU,CTCP Công trình Đô thị Bến Tre
BTV,Công ty Cổ phần Dịch vụ Du lịch Bến Thành
BTW,Công ty Cổ phần Cấp nước Bến Thành
BVG,Công ty Cổ phần Đầu tư BVG
BVH,Tập đoàn Bảo Việt
BVN,Công ty cổ phần Bông Việt Nam
BWA,Công ty Cổ phần Cấp thoát nước và Xây dựng Bảo Lộc
BXD,Công ty Cổ phần Vận tải và Quản lý Bến xe Đà Nẵng
BXH,Công ty cổ phần VICEM Bao bì Hải Phòng
C12,Công ty Cổ phần Cầu 12 - Cienco 1
C21,Công ty cổ phần Thế kỷ 21
C32,Công ty Cổ phần Đầu tư Xây dựng 3-2
C47,Công ty Cổ phần Xây dựng 47
C71,Công ty Cổ phần 471
C92,Công ty Cổ phần Xây dựng và Đầu tư 492
CAD,Công ty Cổ phần Chế biến và Xuất nhập khẩu Thủy sản CADOVIMEX
CAP,Công ty Cổ phần Lâm Nông sản Thực phẩm Yên Bái
CAV,Công ty cổ phần Dây Cáp Điện Việt Nam
CCI,Công ty Cổ phần Đầu tư Phát triển Công nghiệp - Thương mại Củ Chi
CCL,Công ty cổ phần Đầu tư và Phát triển Đô thị Dầu khí Cửu Long
CCM,Công ty Cổ phần Khoáng sản & Xi măng Cần Thơ
CCR,Công ty cổ phần Cảng Cam Ranh
CCV,Công ty cổ phần Tư vấn Xây dựng Công nghiệp và Đô thị Việt Nam
CDC,Công ty Cổ phần Chương Dương
CDG,Công ty Cổ phần Cầu Đuống
CDH,CTCP Công trình công cộng Dịch vụ Du lịch Hải Phòng
CDN,Công ty cổ phần Cảng Đà Nẵng
CDO,Công ty Cổ phần Tư vấn thiết kế và Phát triển đô thị
CEC,Công ty Cổ phần Thiết kế Công nghiệp Hóa chất
CEO,Công ty Cổ phần Tập đoàn C.E.O
CFC,Công ty Cổ phần Cafico Việt Nam
CGP,Công ty cổ phần Dược phẩm Cần Giờ
CHC,Công ty Cổ phần Cẩm Hà
CHP,Công ty Cổ phần Thủy điện miền Trung
CHS,Công ty Cổ phần Chiếu sáng Công cộng Thành phố Hồ Chí Minh
CI5,Công ty cổ phần Đầu tư Xây dựng số 5
CIC,Công ty Cổ phần Đầu tư và Xây dựng COTEC
CIG,Công ty Cổ phần COMA18
CII,Công ty cổ phần Đầu tư Hạ tầng Kỹ thuật T.P Hồ Chí Minh
CII41401,Trái phiếu chuyển đổi Công ty cổ phần Đầu tư Hạ tầng Kỹ thuật Thành phố Hồ Chí Minh
CJC,Công ty Cổ phần Cơ điện Miền Trung
CK8,Công ty Cổ phần Cơ khí 120
CKD,Công ty cổ phần Cơ khí Đông Anh Licogi
CKH,Công ty Cổ phần Cơ khí chế tạo Hải Phòng
CKV,Công ty Cổ phần COKYVINA
CLG,Công ty Cổ phần Đầu tư và Phát triển Nhà đất COTEC
CLH,Công ty cổ phần Xi măng La Hiên VVMI
CLL,Công ty cổ phần Cảng Cát Lái
CLM,CTCP Xuất nhập khẩu Than - Vinacomin
CLP,Công ty Cổ phần Thủy Sản Cửu Long
CLS,Công ty Cổ phần Chứng Khoán Chợ Lớn
CLW,Công ty Cổ phần Cấp nước Chợ Lớn
CLX,Công ty Cổ phần Xuất nhập khẩu và Đầu tư Chợ Lớn
CMC,Công ty Cổ phần Đầu tư CMC
CMF,Công ty Cổ phần Thực phẩm Cholimex
CMG,Công ty Cổ phần Tập đoàn Công nghệ CMC
CMI,Công ty cổ phần CMISTONE Việt Nam
CMK,Công ty cổ phần Cơ khí Mạo khê - Vinacomin
CMP,CTCP Cảng Chân Mây
CMS,Công ty cổ phần Xây dựng và Nhân lực Việt Nam
CMT,Công ty Cổ phần Công nghệ Mạng và Truyền thông
CMV,Công ty Cổ phần Thương nghiệp Cà Mau
CMX,Công ty Cổ phần Chế biến và Xuất nhập khẩu Thủy sản Cà Mau
CNC,Công ty cổ phần Công nghệ cao Traphaco
CNG,Công ty cổ phần CNG Việt Nam
CNH,Công ty Cổ phần Cảng Nha Trang
CNN,"CTCP Tư vấn công nghệ, thiết bị và kiểm định xây dựng - CONINCO"
CNT,Công ty Cổ phần Xây dựng và Kinh doanh Vật tư
COM,Công ty Cổ phần Vật tư - Xăng dầu
CPC,Công ty Cổ phần Thuốc sát trùng Cần Thơ
CPH,Công ty Cổ phần Mai táng Hải Phòng
CQT,Công ty cổ phần Xi măng Quán Triều VVMI
CSC,Công ty Cổ phần Đầu tư và Xây dựng Thành Nam
CSG,Công ty Cổ phần Cáp Sài Gòn
CSM,Công ty Cổ phần Công nghiệp Cao su Miền Nam
CSV,Công ty Cổ phần Hóa chất Cơ bản miền Nam
CT3,Công ty Cổ phần Đầu tư và Xây dựng Công trình 3
CT6,Công ty Cổ phần Công trình 6
CTA,Công ty Cổ phần Vinavico
CTC,Công ty cổ phần Gia Lai CTC
CTD,Công ty Cổ phần Xây dựng Coteccons
CTF,Công ty cổ phần City Auto
CTG,Ngân hàng Thương mại Cổ phần Công thương Việt Nam
CTI,Công ty Cổ phần Đầu tư Phát triển Cường Thuận IDICO
CTM,Công ty Cổ phần Đầu tư Xây dựng và Khai thác mỏ Vinavico
CTN,Công ty Cổ phần Xây dựng Công trình ngầm
CTP,Công ty Cổ phần Thương Phú
CTS,Công ty cổ phần Chứng khoán Ngân hàng Công thương Việt Nam
CTT,CTCP Chế tạo máy Vinacomin
CTV,Công ty cổ phần Đầu tư-Sản xuất và Thương mại Việt Nam
CTW,CTCP Cấp thoát nước Cần Thơ
CTX,Tổng Công ty Cổ phần Đầu tư Xây dựng và Thương mại Việt Nam
CVC,Công ty Cổ Phần Cơ điện Vật tư
CVN,Công ty cổ phần Vinam
CVT,Công ty Cổ phần CMC
CX8,Công ty cổ phần Đầu tư và Xây lắp Constrexim số 8
CXH,CTCP Xe khách Hà Nội
CZC,Công ty cổ phần Than miền Trung - Vinacomin
D11,Công ty Cổ phần Địa ốc 11
D26,Công ty Cổ phần Quản lý và Xây dựng Đường bộ 26
D2D,Công ty Cổ phần Phát triển Đô thị Công nghiệp Số 2
DAC,Công ty Cổ phần Viglacera Đông Anh
DAD,Công ty Cổ phần Đầu tư và Phát triển Giáo dục Đà Nẵng
DAE,Công ty Cổ phần Sách Giáo dục tại Tp. Đà Nẵng
DAG,Công ty Cổ phần Tập đoàn Nhựa Đông Á
DAH,Công ty cổ phần Tập đoàn Khách sạn Đông Á
DAP,Công ty Cổ phần Đông Á
DAS,Công ty Cổ phần Máy - Thiết bị Dầu khí Đà Nẵng
DAT,Công ty Cổ phần Đầu tư Du lịch và Phát triển Thủy sản
DBC,Công ty Cổ phần Tập đoàn Dabaco Việt Nam
DBD,Công ty Cổ phần Dược - Trang thiết bị Y tế Bình Định
DBH,CTCP Đường bộ Hải Phòng
DBM,Công ty Cổ phần Dược - Vật tư Y tế Đăk Lăk
DBT,Công ty Cổ phần Dược phẩm Bến Tre
DBW,Công ty Cổ phần Cấp nước Điện Biên
DC1,CTCP Đầu tư Phát triển Xây dựng số 1
DC2,Công ty Cổ phần Đầu tư Phát triển - Xây dựng số 2
DC4,Công ty Cổ phần DIC số 4
DCC,Công ty Cổ phần Xây dựng Công nghiệp DESCON
DCD,CTCP Du lịch và Thương mại DIC
DCF,Công ty Cổ phần Xây dựng và Thiết kế số 1
DCI,Công ty Cổ phần Công nghiệp Hóa chất Đà Nẵng
DCL,Công ty Cổ phần Dược phẩm Cửu Long
DCM,Công ty Cổ phần Phân bón Dầu khí Cà Mau
DCS,Công ty Cổ phần Tập đoàn Đại Châu
DCT,Công ty Cổ phần Tấm lợp Vật liệu xây dựng Đồng Nai
DDH,CTCP Đảm bảo giao thông đường thủy Hải Phòng
DDM,Công ty Cổ phần Hàng hải Đông Đô
DDN,Công ty Cổ phần Dược - Thiết bị Y tế Đà Nẵng
DDV,Công ty cổ phần DAP - VINACHEM
DFC,Công ty Cổ phần Xích líp Đông Anh
DGC,Công ty Cổ phần Bột giặt và Hoá chất Đức Giang
DGL,CTCP Hóa chất Đức Giang – Lào Cai
DGT,Công ty cổ phần Công trình Giao thông Đồng Nai
DGW,Công ty cổ phần Thế giới số
DHA,Công ty Cổ phần Hóa An
DHC,Công ty Cổ phần Đông Hải Bến Tre
DHG,Công ty Cổ phần Dược Hậu Giang
DHI,Công ty cổ phần In Diên Hồng
DHL,Công ty cổ phần Cơ khí Vận tải Thương mại Đại Hưng
DHM,Công ty cổ phần Thương mại và Khai thác Khoáng sản Dương Hiếu
DHP,Công ty Cổ phần Điện Cơ Hải Phòng
DHT,Công ty Cổ phần Dược phẩm Hà Tây
DIC,Công ty Cổ phần Đầu tư và Thương mại DIC
DID,Công ty Cổ phần DIC - Đồng Tiến
DIG,Tổng Công ty Cổ phần Đầu tư Phát triển Xây dựng
DIH,Công ty Cổ phần Đầu tư Phát triển Xây dựng - Hội An
DL1,Công ty Cổ phần Đầu tư Phát triển Dịch vụ Công trình Công cộng Đức Long Gia Lai
DLC,Công ty cổ phần Du lịch Cần Thơ
DLD,Công ty Cổ phần Du lịch Đắk Lắk
DLG,Công ty Cổ phần Tập đoàn Đức Long Gia Lai
DLR,Công ty Cổ phần Địa ốc Đà Lạt
DLT,CTCP Du lịch và Thương mại – Vinacomin
DLV,Công ty Cổ phần Du lịch Việt Nam Vitours
DMC,Công ty Cổ phần Xuất nhập khẩu Y tế Domesco
DNC,Công ty Cổ phần Điện nước Lắp máy Hải Phòng
DND,CTCP Đầu tư Xây dựng và Vật liệu Đồng Nai
DNF,Công ty Cổ phần Lương thực Đà Nẵng
DNL,Công ty cổ phần Logistic Cảng Đà Nẵng
DNM,Tổng Công ty cổ phần Y tế Danameco
DNP,Công ty Cổ phần Nhựa Đồng Nai
DNR,CTCP Đường sắt Quảng Nam - Đà Nẵng
DNS,Công ty Cổ phần Thép Đà Nẵng
DNT,Công ty Cổ phần Du lịch Đồng Nai
DNW,Công ty cổ phần Cấp nước Đồng Nai
DNY,Công ty Cổ phần Thép Dana - Ý
DOC,Công ty cổ phần Vật tư nông nghiệp Đồng Nai
DOP,CTCP Vận tải Xăng dầu Đồng Tháp
DP3,Công ty Cổ phần Dược phẩm Trung ương 3
DPG,Công ty Cổ phần Đạt Phương
DPH,Công ty Cổ phần Dược phẩm Hải Phòng
DPM,Tổng Công ty Phân bón và Hóa chất Dầu khí-CTCP
DPP,Công ty Cổ phần Dược Đồng Nai
DPR,Công ty Cổ phần Cao su Đồng Phú
DPS,Công ty cổ phần Đầu tư Phát triển Sóc Sơn
DQC,Công ty Cổ phần Bóng đèn Điện Quang
DRC,Công ty Cổ phần Cao su Đà Nẵng
DRH,Công ty cổ phần Đầu tư Căn nhà Mơ ước
DRL,Công ty Cổ phần Thủy điện – Điện lực 3
DSN,Công ty Cổ phần Công viên nước Đầm Sen
DST,Công ty Cổ phần Sách và Thiết bị giáo dục Nam Định
DSV,Công ty Cổ phần Đường sắt Vĩnh Phú
DT4,CTCP Quản lý bảo trì đường thủy nội địa số 4
DTA,Công ty Cổ phần Đệ Tam
DTC,Công ty Cổ phần Viglacera Đông Triều
DTG,Công ty Cổ phần Dược phẩm Tipharco
DTK,Tổng công ty Điện lực TKV - CTCP
DTL,Công ty Cổ phần Đại Thiên Lộc
DTN,Công ty Cổ phần Diêm Thống Nhất
DTT,Công ty Cổ phần Kỹ nghệ Đô Thành
DTV,Công ty Cổ phần Phát triển điện Nông thôn Trà Vinh
DVC,Công ty cổ phần Thương mại Dịch vụ Tổng hợp Cảng Hải Phòng
DVD,Công ty Cổ phần Dược phẩm Viễn Đông
DVH,Công ty cổ phần Chế tạo máy điện Việt Nam - Hungari
DVP,Công ty cổ phần Đầu tư và Phát triển Cảng Đình Vũ
DXG,Công ty Cổ phần Dịch vụ và Xây dựng Địa ốc Đất Xanh
DXL,Công ty Cổ phần Du lịch và Xuất nhập khẩu Lạng Sơn
DXV,Công ty Cổ phần VICEM Vật liệu Xây dựng Đà Nẵng
DZM,Công ty Cổ phần Chế tạo máy Dzĩ An
E1SSHN30,Chứng chỉ quỹ ETF SSIAM-HNX30
E1VFVN30,Quỹ ETF VFMVN30
EAD,CTCP Thủy điện Điện lực Đắk Lắk
ECI,Công ty Cổ phần Bản đồ và Tranh ảnh Giáo dục
EFI,Công ty Cổ phần Đầu tư Tài chính Giáo dục
EIB,Ngân hàng Thương mại Cổ phần Xuất nhập khẩu Việt Nam
EIC,Công ty cổ phần EVN Quốc tế
EID,Công ty Cổ phần Đầu tư và Phát triển giáo dục Hà Nội
ELC,Công ty Cổ phần Đầu tư Phát triển Công nghệ Điện tử Viễn thông
EMC,Công ty cổ phần Cơ điện Thủ Đức
EMG,Công ty Cổ phần Thiết bị Phụ tùng Cơ điện
EVE,Công ty cổ phần Everpia Việt Nam
FBA,Công ty Cổ phần Tập đoàn Quốc tế FBA
FBT,Công ty Cổ phần Xuất nhập khẩu Lâm Thủy sản Bến Tre
FCC,CTCP Liên hợp Thực phẩm
FCM,Công ty cổ phần Khoáng sản FECON
FCN,Công ty cổ phần FECON
FCS,Công ty Cổ phần Lương thực Thành phố Hồ Chí Minh
FDC,Công ty Cổ phần Ngoại thương và Phát triển Đầu tư Thành phố Hồ Chí Minh
FDG,Công ty Cổ phần Docimexco
FDT,Công ty cổ phần Fiditour
FID,Công ty Cổ phần Đầu tư và Phát triển Doanh nghiệp Việt Nam
FIT,Công ty cổ phần Tập đoàn F.I.T
FLC,Công ty cổ phần Tập đoàn FLC
FOX,Công ty Cổ phần Viễn thông FPT
FPT,Công ty Cổ phần FPT
FSO,Công ty Cổ phần Cơ khí đóng tàu thủy sản Việt Nam
FTM,Công ty Cổ phần Đầu tư và Phát triển Đức Quân
FTS,Công ty Cổ phần Chứng khoán FPT
FUCTVGF1,Quỹ Đầu tư tăng trưởng TVAM
FUCVREIT,Quỹ Đầu tư Bất động sản Techcom Việt Nam
G20,Công ty cổ phần Đầu tư Dệt may G.Home
G36,Tổng Công ty 36 - CTCP
GAS,Tổng Công ty Khí Việt Nam-CTCP
GBS,Công ty Cổ phần Chứng khoán Golden Bridge Việt Nam
GCB,Công ty Cổ Phần Petec Bình Định
GDT,Công ty Cổ phần Chế biến Gỗ Đức Thành
GDW,Công ty Cổ phần Cấp nước Gia Định
GER,Công ty Cổ phần Thể thao Ngôi sao Geru
GEX,Tổng Công ty cổ phần Thiết bị điện Việt Nam
GFC,Công ty Cổ phần Thủy sản Gentraco
GGG,Công ty cổ phần Ô tô Giải Phóng
GGS,Công ty Cổ phần Giống Gia súc Hà Nội
GHA,Công ty Cổ phần HAPACO Hải Âu
GHC,Công ty Cổ phần Thủy điện Gia Lai
GIL,Công ty Cổ phần Sản xuất Kinh doanh Xuất nhập khẩu Bình Thạnh
GLT,Công ty cổ phần Kỹ thuật điện Toàn Cầu
GMC,Công ty Cổ phần Sản xuất Thương mại May Sài Gòn
GMD,Công ty Cổ phần Gemadept
GMX,Công ty cổ phần Gạch Ngói Gốm Xây dựng Mỹ Xuân
GND,Công ty Cổ phần Gạch ngói Đồng Nai
GSM,Công ty cổ phần Thủy điện Hương Sơn
GSP,Công ty cổ phần Vận tải Sản phẩm khí quốc tế
GTA,Công ty Cổ phần Chế biến Gỗ Thuận An
GTC,Công ty Cổ phần Trà Rồng Vàng
GTD,Công ty Cổ phần Giầy Thượng Đình
GTH,Công ty Cổ phần Xây dựng Giao thông Thừa Thiên Huế
GTN,Công ty cổ phần GTNFOODS
GTS,CTCP Công trình Giao thông Sài Gòn
GTT,Công ty Cổ phần Thuận Thảo
GVT,Công ty Cổ phần Giấy Việt Trì
H11,CTCP Xây dựng HUD101
HAC,Công ty Cổ phần Chứng khoán Hải Phòng
HAD,Công ty Cổ phần Bia Hà Nội - Hải Dương
HAG,Công ty Cổ phần Hoàng Anh Gia Lai
HAH,Công ty Cổ phần Vận tải và Xếp dỡ Hải An
HAI,Công ty Cổ phần Nông dược H.A.I
HAN,Tổng công ty Xây dựng Hà Nội - CTCP
HAP,Công ty Cổ phần Tập đoàn Hapaco
HAR,Công ty Cổ phần Đầu tư Thương mại Bất động sản An Dương Thảo Điền
HAS,Công ty Cổ phần HACISCO
HAT,Công ty Cổ phần Thương mại Bia Hà Nội
HAX,Công ty Cổ phần Dịch vụ Ô tô Hàng Xanh
HBB,Ngân hàng Thương mại Cổ phần Nhà Hà Nội
HBC,Công ty cổ phần Xây dựng và Kinh doanh Địa ốc Hoà Bình
HBD,Công ty Cổ phần Bao bì PP Bình Dương
HBE,Công ty Cổ phần Sách - Thiết bị trường học Hà Tĩnh
HBI,Công ty Cổ phần HBI
HBS,Công ty Cổ phần Chứng khoán Hòa Bình
HCC,Công ty Cổ phần Bê tông Hoà Cầm - Intimex
HCD,Công ty Cổ phần Đầu tư Sản xuất và Thương mại HCD
HCI,Công ty Cổ phần Đầu tư - Xây dựng Hà Nội
HCM,Công ty Cổ phần Chứng khoán Thành phố Hồ Chí Minh
HCT,Công ty Cổ phần Thương mại Dịch vụ Vận tải Xi măng Hải Phòng
HD2,CTCP Đầu tư Phát triển nhà HUD2
HDA,Công ty Cổ phần Hãng sơn Đông Á
HDC,Công ty Cổ phần Phát triển nhà Bà Rịa-Vũng Tàu
HDG,Công ty Cổ phần Tập đoàn Hà Đô
HDM,Công ty Cổ phần Dệt - May Huế
HDO,Công ty Cổ phần Hưng Đạo Container
HDP,Công ty Cổ phần Dược Hà Tĩnh
HEC,Công ty Cổ phần Tư vấn Xây dựng Thủy lợi II
HES,Công ty Cổ phần Dịch vụ Giải trí Hà Nội
HEV,Công ty Cổ phần Sách Đại học - Dạy nghề
HFC,Công ty Cổ phần Xăng dầu Chất đốt Hà Nội
HFX,Công ty cổ phần Sản xuất - Xuất nhập khẩu Thanh Hà
HGM,Công ty cổ phần Cơ khí và Khoáng sản Hà Giang
HGW,Công ty Cổ phần Cấp thoát nước - Công trình đô thị Hậu Giang
HHA,Công ty cổ phần Văn phòng phẩm Hồng Hà
HHC,Công ty Cổ phần Bánh kẹo Hải Hà
HHG,Công ty Cổ phần Hoàng Hà
HHL,Công ty Cổ phần Hồng Hà Long An
HHN,Công ty Cổ Phần Vận tải và Dịch vụ Hàng hóa Hà Nội
HHR,Công ty Cổ phần Đường sắt Hải Hà
HHS,Công ty Cổ phần Đầu tư Dịch vụ Hoàng Huy
HHV,CTCP Quản lý và Khai thác Hầm Đường Bộ Hải Vân
HID,Công ty Cổ phần Đầu tư và Tư vấn Hà Long
HIG,Công ty Cổ phần Tập đoàn HIPT
HJC,Công ty Cổ phần Hòa Việt
HJS,Công ty Cổ phần Thủy điện Nậm Mu
HKB,Công ty Cổ phần Nông nghiệp và Thực phẩm Hà Nội - Kinh Bắc
HKP,CTCP Bao bì Hà Tiên
HKT,Công ty Cổ phần Chè Hiệp Khánh
HLA,Công ty Cổ phần Hữu Liên Á Châu
HLB,Công ty Cổ phần Bia và Nước giải khát Hạ Long
HLC,CTCP Than Hà Lầm - Vinacomin
HLD,Công ty Cổ phần Đầu tư và Phát triển Bất động sản HUDLAND
HLG,Công ty Cổ phần Tập đoàn Hoàng Long
HLR,Công ty Cổ phần Đường sắt Hà Lạng
HLY,Công ty Cổ phần Viglacera Hạ Long I
HMC,Công ty Cổ phần Kim khí Thành phố Hồ Chí Minh - Vnsteel
HMG,CTCP Kim khí Hà Nội - VNSTEEL
HMH,Công ty Cổ phần Hải Minh
HNB,CTCP Bến xe Hà Nội
HND,CTCP Nhiệt điện Hải Phòng
HNF,CTCP Thực phẩm Hữu Nghị
HNG,Công ty cổ phần Nông nghiệp Quốc tế Hoàng Anh Gia Lai
HNM,Công ty Cổ phần Sữa Hà Nội
HNP,Công ty Cổ phần Hanel Xốp nhựa
HNT,Công ty Cổ phần Xe điện Hà Nội
HOM,Công ty cổ phần Xi măng VICEM Hoàng Mai
HOT,Công ty cổ phần Du lịch - Dịch vụ Hội An
HPB,Công ty Cổ phần Bao bì PP
HPC,Công ty Cổ phần Chứng khoán Hải Phòng
HPD,Công ty Công ty Cổ phần Thủy điện Đăk Đoa
HPG,Công ty cổ phần Tập đoàn Hòa Phát
HPL,Công ty Cổ phần Bến xe Tàu phà Cần Thơ
HPM,CTCP Xây dựng Thương mại và Khoáng sản Hoàng Phúc
HPP,Công ty Cổ phần Sơn Hải Phòng
HPR,Công ty Cổ phần Đầu tư Xây dựng Hồng Phát
HPS,Công ty Cổ phần Đá Xây dựng Hoà Phát
HPT,Công ty Cổ phần Dịch vụ Công nghệ Tin học HPT
HPW,Công ty Cổ phần Cấp nước Hải Phòng
HQC,Công ty cổ phần Tư vấn-Thương mại-Dịch vụ Địa ốc Hoàng Quân
HRC,Công ty Cổ phần Cao su Hòa Bình
HRG,Công ty cổ phần Cao su Hà Nội
HRT,Công ty cổ phần Vận tải Đường sắt Hà Nội
HSA,Công ty Cổ phần HESTIA
HSG,Công ty Cổ phần Tập đoàn Hoa Sen
HSI,Công ty Cổ phần Vật tư tổng hợp và Phân bón Hóa sinh
HST,Công ty cổ phần Phát hành Sách và Thiết bị Trường học Hưng Yên
HT1,Công ty Cổ phần Xi Măng Hà Tiên 1
HT2,Công ty Cổ phần Xi măng Hà Tiên 2
HTB,Công ty Cổ phần Xây dựng Huy Thắng
HTC,Công ty Cổ phần Thương mại Hóc Môn
HTI,Công ty Cổ phần Đầu tư phát triển hạ tầng IDICO
HTL,Công ty Cổ phần Kỹ thuật và Ô tô Trường Long
HTP,Công ty Cổ phần In Sách giáo khoa Hoà Phát
HTR,Công ty Cổ phần Đường sắt Hà Thái
HTU,Công ty Cổ phần Môi trường và Công trình Đô thị Hà Tĩnh
HTW,Công ty Cổ phần Cấp nước Hà Tĩnh
HU1,Công ty Cổ phần Đầu tư và Xây dựng HUD1
HU3,Công ty cổ phần Đầu tư và Xây dựng HUD3
HU4,Công ty Cổ phần Đầu tư và Xây dựng HUD4
HU6,Công ty cổ phần Đầu tư Phát triển nhà và Đô thị HUD 6
HUT,Công ty Cổ phần Tasco
HVA,Công ty cổ phần Nông nghiệp xanh Hưng Việt
HVC,Công ty Cổ phần Hưng Vượng
HVG,Công ty Cổ phần Hùng Vương
HVN,Tổng Công ty Hàng không Việt Nam - CTCP
HVT,Công ty Cổ phần Hóa chất Việt Trì
HVX,Công ty Cổ phần Xi măng Vicem Hải Vân
I10,CTCP Đầu tư Xây dựng số 10 IDICO
I40,Công ty Cổ phần Đầu tư và Xây dựng 40
IBC,CTCP Đầu tư Apax Holding
ICC,CTCP Xây dựng Công nghiệp
ICG,Công ty Cổ phần Xây dựng Sông Hồng
ICI,Công ty Cổ phần Đầu tư và Xây dựng Công nghiệp
ICN,Công ty cổ phần Đầu tư Xây dựng Dầu khí IDICO
IDI,Công ty Cổ phần Đầu tư và Phát triển Đa Quốc Gia I.D.I
IDJ,Công ty Cổ phần Đầu tư Tài chính Quốc tế và Phát triển Doanh nghiệp IDJ
IDV,Công ty Cổ phần Phát triển Hạ tầng Vĩnh Phúc
IFC,CTCP Thực phẩm Công nghệ Sài Gòn
IHK,Công ty Cổ phần In Hàng không
IJC,Công ty Cổ phần Phát triển Hạ tầng Kỹ thuật
IME,Công ty Cổ phần Cơ khí và Xây lắp Công nghiệp
IMP,Công ty Cổ phần Dược phẩm IMEXPHARM
IMT,Công ty Cổ phần Xuất nhập khẩu Đầu tư Thành phố Hồ Chí Minh
IN4,Công ty Cổ phần In số 4
INC,Công ty Cổ phần Tư vấn Đầu tư IDICO
INN,Công ty Cổ phần Bao bì và In Nông nghiệp
IPA,Công ty cổ phần Tập đoàn Đầu tư I.P.A
ISG,CTCP Vận tải biển & Hợp tác Quốc tế
ISH,Công ty cổ phần Thủy điện Srok Phu Miêng IDICO
IST,Công ty Cổ phần ICD Tân Cảng Sóng Thần
ITA,Công ty Cổ phần Đầu tư và Công nghiệp Tân Tạo
ITC,Công ty Cổ phần Đầu tư - Kinh doanh nhà
ITD,Công ty Cổ phần Công nghệ Tiên Phong
ITQ,Công ty cổ phần Tập đoàn Thiên Quang
ITS,"Công ty cổ phần Đầu tư, Thương mại và Dịch vụ - Vinacomin"
IVS,Công ty cổ phần Chứng khoán Đầu tư Việt Nam
JSC,Công ty Cổ phần Xây dựng Cầu đường Hà Nội
JVC,Công ty cổ phần Thiết bị Y tế Việt Nhật
KAC,Công ty Cổ phần Đầu tư Địa ốc Khang An
KBC,Tổng Công ty Phát triển Đô thị Kinh Bắc-CTCP
KBE,Công ty Cổ phần Sách - Thiết bị Trường học Kiên Giang
KBT,Công ty Cổ phần Gạch ngói Kiên Giang
KCB,CTCP Khoáng sản và luyện kim Cao Bằng
KCE,Công ty Cổ phần Bê tông Ly tâm Điện lực Khánh Hòa
KDC,Công ty Cổ phần Tập đoàn Kido
KDH,Công ty Cổ phần Đầu tư Kinh doanh nhà Khang Điền
KDM,CTCP Xây dựng và Thương mại Long Thành
KHA,Công ty Cổ phần Đầu tư và Dịch vụ Khánh Hội
KHB,Công ty Cổ phần Khoáng sản Hòa Bình
KHD,"CTCP Khai thác, Chế biến khoáng sản Hải Dương"
KHL,Công ty cổ phần Khoáng sản và Vật liệu Xây dựng Hưng Long
KHW,Công ty Cổ phần Cấp nước Khánh Hòa
KIP,CTCP Khí cụ Điện 1
KKC,Công ty Cổ phần Sản xuất và Kinh doanh Kim khí
KLF,Công ty Cổ phần Liên doanh Đầu tư Quốc tế KLF
KLS,Công ty Cổ phần Chứng khoán Kim Long
KMF,Công ty Cổ phần Mirae Fiber
KMR,Công ty Cổ phần Mirae
KMT,Công ty cổ phần Kim khí miền Trung
KPF,Công ty Cổ phần Tư vấn Dự án Quốc tế KPF
KSA,Công ty Cổ phần Công nghiệp Khoáng sản Bình Thuận
KSB,Công ty Cổ phần Khoáng sản và Xây dựng Bình Dương
KSC,Công ty Cổ phần Muối Khánh Hòa
KSD,Công ty cổ phần Đầu tư DNA
KSH,Công ty Cổ phần Đầu tư và Phát triển KSH
KSK,Công ty cổ phần Khoáng sản Luyện kim màu
KSQ,Công ty cổ phần Đầu tư KSQ
KSS,Công ty Cổ phần Khoáng sản Na Rì Hamico
KST,Công ty cổ phần KASATI
KSV,Tổng Công ty Khoáng sản TKV - CTCP
KTB,Công ty Cổ phần Đầu tư Khoáng sản Tây Bắc
KTL,CTCP Kim khí Thăng Long
KTS,Công ty cổ phần Đường Kon Tum
KTT,Công ty cổ phần Đầu tư Thiết bị và Xây lắp điện Thiên Trường
KVC,CTCP Sản xuất Xuất nhập khẩu Inox Kim Vĩ
L10,Công ty cổ phần Lilama 10
L12,Công ty cổ phần Licogi 12
L14,Công ty cổ phần LICOGI 14
L18,Công ty Cổ phần Đầu tư và Xây dựng số 18
L35,Công ty Cổ phần Cơ khí Lắp máy Lilama
L43,Công ty Cổ phần Lilama 45.3
L44,Công ty Cổ phần Lilama 45.4
L45,CTCP Lilama 45.1
L61,Công ty Cổ phần Lilama 69-1
L62,Công ty Cổ phần Lilama 69-2
L63,CTCP Lilama 69-3
LAI,CTCP Đầu tư xây dựng Long An IDICO
LAS,Công ty cổ phần Supe Phốt phát và Hóa chất Lâm Thao
LAW,Công ty cổ phần Cấp thoát nước Long An
LBE,Công ty Cổ phần Sách và Thiết bị trường học Long An
LBM,Công ty Cổ phần Khoáng sản và Vật liệu xây dựng Lâm Đồng
LCC,Công ty Cổ phần Xi măng Lạng Sơn
LCD,Công ty Cổ phần Lắp máy - Thí nghiệm Cơ điện
LCG,Công ty cổ phần LICOGI 16
LCM,Công ty Cổ phần Khai thác và Chế biến Khoáng sản Lào Cai
LCS,Công ty Cổ phần Licogi 166
LCW,Công ty Cổ phần Nước sạch Lai Châu
LDG,Công ty Cổ phần Đầu tư LDG
LDP,Công ty Cổ phần Dược Lâm Đồng - Ladophar
LGC,Công ty Cổ phần Đầu tư Cầu đường CII
LGL,Công ty cổ phần Đầu tư và Phát triển Đô thị Long Giang
LHC,Công ty Cổ phần Đầu tư và Xây dựng Thủy lợi Lâm Đồng
LHG,Công ty Cổ phần Long Hậu
LIG,Công ty Cổ phần Licogi 13
LIX,Công ty Cổ phần Bột giặt Lix
LKW,CTCP Cấp nước Long Khánh
LM3,Công ty Cổ phần Lilama 3
LM7,Công ty Cổ phần Lilama 7
LM8,Công ty Cổ phần Lilama 18
LO5,Công ty Cổ phần Lilama 5
LQN,Công ty cổ phần Licogi Quảng Ngãi
LSS,Công ty Cổ phần Mía đường Lam Sơn
LTC,Công ty cổ phần Điện nhẹ Viễn thông
LUT,Công ty Cổ phần Đầu tư Xây dựng Lương Tài
MAC,Công ty Cổ phần Cung ứng và Dịch vụ Kỹ thuật Hàng Hải
MAFPF1,Quỹ đầu tư tăng trưởng Manulife
MAS,Công ty cổ phần Dịch vụ Hàng không Sân bay Đà Nẵng
MAX,Công ty Cổ phần Khai khoáng và Cơ khí Hữu nghị Vĩnh Sinh
MBB,Ngân hàng Thương mại Cổ phần Quân đội
MBG,Công ty cổ phần Đầu tư Phát triển Xây dựng và Thương mại Việt Nam
MBS,Công ty cổ phần Chứng khoán MB
MC3,Công ty Cổ phần Khoáng sản 3 - Vimico
MCC,Công ty Cổ phần Gạch ngói cao cấp
MCF,CTCP Xây lắp Cơ khí và Lương thực Thực phẩm
MCG,Công ty Cổ phần Cơ điện và Xây dựng Việt Nam
MCH,Công ty Cổ phần Hàng tiêu dùng Masan
MCI,CTCP Đầu tư Xây dựng và Phát triển Vật liệu IDICO
MCK,
MCL,Công ty Cổ phần Phát triển Nhà và Sản xuất Vật liệu xây dựng Chí Linh
MCO,Công ty Cổ phần Đầu tư và Xây dựng BDC Việt Nam
MCT,Công ty Cổ phần Kinh doanh Vật tư và Xây dựng
MDC,Công ty cổ phần Than Mông Dương - Vinacomin
MDF,Công ty cổ phần Gỗ MDF VRG Quảng Trị
MDG,Công ty Cổ phần miền Đông
MEC,Công ty Cổ phần Someco Sông Đà
MEF,Công ty cổ phần MEINFA
MES,Công ty cổ phần Cơ điện Công trình
MGC,CTCP Địa chất mỏ - TKV
MH3,Công ty Cổ phần Khu Công Nghiệp Cao Su Bình Long
MHC,Công ty Cổ phần MHC
MHL,Công ty Cổ phần Minh Hữu Liên
MIC,Công ty Cổ phần Kỹ nghệ Khoáng sản Quảng Nam
MIH,Công ty Cổ phần Xuất nhập khẩu Khoáng sản Hà Nam
MIM,Công ty Cổ phần Khoáng sản và Cơ khí
MJC,Công ty Cổ phần Thương mại Mộc Hóa
MKP,Công ty Cổ phần Hóa - Dược phẩm MEKOPHAR
MKT,Công ty cổ phần Dệt Minh Khai
MKV,Công ty Cổ phần Dược Thú y Cai Lậy
MLS,Công ty cổ phần Chăn nuôi - Mitraco
MMC,Công ty Cổ phần Khoáng sản Mangan
MNC,Công ty Cổ phần Tập đoàn Mai Linh Miền Trung
MPC,Công ty Cổ phần Tập đoàn Thủy sản Minh Phú
MPT,CTCP May Phú Thành
MSC,Công ty cổ phần Dịch vụ Phú Nhuận
MSI,Công ty Cổ phần Chứng khoán Maritime
MSN,Công ty Cổ phần Tập đoàn MaSan
MSR,Công ty cổ phần Tài nguyên Masan
MST,CTCP Xây dựng 1.1.6.8
MTA,Tổng Công ty Khoáng sản và Thương mại Hà Tĩnh - CTCP
MTC,CTCP Dịch vụ Du lịch Mỹ Trà
MTG,Công ty Cổ phần MT Gas
MTH,Công ty Cổ phần Môi trường Đô thị Hà Đông
MTL,CTCP Dịch vụ Môi trường Đô thị Từ Liêm
MTM,CTCP Mỏ và Xuất nhập khẩu Khoáng sản Miền Trung
MTP,Công ty Cổ phần Dược trung ương Medipharco - Tenamyd
MVB,Tổng công ty Công nghiệp mỏ Việt Bắc TKV - CTCP
MVY,Công ty Cổ phần Môi trường và Dịch vụ Đô thị Vĩnh Yên
MWG,Công ty cổ phần Đầu tư Thế giới Di động
NAF,Công ty Cổ phần Nafoods Group
NAG,Công ty cổ phần Nagakawa Việt Nam
NAP,Công ty cổ phần Cảng Nghệ Tĩnh
NAS,Công ty Cổ phần Dịch vụ Hàng không Sân bay Nội Bài
NBB,Công ty Cổ phần Đầu tư Năm Bảy Bảy
NBC,Công ty cổ phần Than Núi Béo – Vinacomin
NBP,Công ty Cổ phần Nhiệt điện Ninh Bình
NBR,CTCP Đường sắt Nghĩa Bình
NBS,Công ty Cổ phần Bến xe Nghệ An
NBT,CTCP Cấp thoát nước Bến Tre
NBW,Công ty Cổ phần Cấp nước Nhà Bè
NCS,Công ty cổ phần Suất ăn Hàng không Nội Bài
NCT,Công ty Cổ phần Dịch vụ Hàng hóa Nội Bài
ND2,Công ty Cổ phần Đầu tư Phát triển điện Miền Bắc 2
NDC,Công ty Cổ phần Nam Dược
NDF,CTCP Chế biến thực phẩm nông sản xuất khẩu Nam Định
NDN,Công ty Cổ phần Đầu tư Phát triển Nhà Đà Nẵng
NDP,CTCP Dược phẩm 2-9 TP. Hồ Chí Minh
NDX,Công ty Cổ phần Xây lắp Phát triển Nhà Đà Nẵng
NET,Công ty Cổ phần Bột giặt Net
NFC,Công ty Cổ phần Phân lân Ninh Bình
NGC,Công ty Cổ phần Chế biến Thủy sản Xuất khẩu Ngô Quyền
NHA,Tổng Công ty Đầu tư Phát triển Nhà và Đô thị Nam Hà Nội
NHN,Công ty cổ phần Phát triển Đô thị Nam Hà Nội
NHP,Công ty Cổ phần Sản xuất Xuất nhập khẩu NHP
NHS,Công ty Cổ phần Đường Ninh Hòa
NHW,Công ty Cổ phần Ngô Han
NIS,Công ty Cổ phần Dịch vụ Hạ tầng mạng
NKG,Công ty Cổ phần Thép Nam Kim
NLC,Công ty Cổ phần Thủy điện Nà Lơi
NLG,Công ty cổ phần Đầu tư Nam Long
NLS,Công ty cổ phần Cấp thoát Nước Lạng Sơn
NMK,Công ty cổ phần Xây dựng Công trình 510
NNB,CTCP Cấp thoát nước Ninh Bình
NNC,Công ty Cổ phần Đá Núi Nhỏ
NNG,Công ty Cổ phần Công nghiệp - Dịch vụ - Thương Mại Ngọc Nghĩa
NNT,Công ty cổ phần Cấp nước Ninh Thuận
NOS,Công ty Cổ phần Vận tải Biển Bắc
NPH,CTCP Khách sạn Bưu điện Nha Trang
NPS,Công ty Cổ phần May Phú Thịnh - Nhà Bè
NQB,Công ty cổ phần Cấp nước Quảng Bình
NQT,Công ty Cổ phần Nước sạch Quảng Trị
NS2,Công ty Cổ phần Nước sạch số 2 Hà Nội
NS3,CTCP Sản xuất Kinh doanh Nước sạch số 3 Hà Nội
NSG,CTCP Nhựa Sài Gòn
NSN,Công ty Cổ phần Xây dựng 565
NSP,Công ty Cổ phần Nhựa Sam Phú
NST,Công ty Cổ phần Ngân Sơn
NT2,Công ty Cổ phần Điện lực Dầu khí Nhơn Trạch 2
NTB,Công ty cổ phần Đầu tư Xây dựng và Khai thác Công trình Giao thông 584
NTC,Công ty Cổ phần Khu Công nghiệp Nam Tân Uyên
NTL,Công ty Cổ phần Phát triển Đô thị Từ Liêm
NTP,Công ty Cổ phần Nhựa Thiếu niên Tiền Phong
NTR,Công ty Cổ Phần Đường sắt Nghệ Tĩnh
NTW,Công ty cổ phần Cấp nước Nhơn Trạch
NUE,Công ty Cổ phần Môi trường Đô thị Nha Trang
NVB,Ngân hàng Thương mại cổ phần Quốc Dân
NVC,Công ty Cổ phần Nam Vang
NVL,Công ty cổ phần Tập đoàn Đầu tư Địa ốc No Va
NVN,Công ty Cổ phần Nhà Việt Nam
NVP,Công ty Cổ phần Nước sạch Vĩnh Phúc
NVT,Công ty Cổ phần Bất động sản Du lịch Ninh Vân Bay
NWT,CTCP Vận tải Newway
OCH,Công ty Cổ phần Khách sạn và Dịch vụ Đại Dương
OGC,Công ty Cổ phần Tập đoàn Đại Dương
OLC,"Công ty cổ phần Xây dựng, Dịch vụ và Hợp tác lao động"
ONE,Công ty Cổ phần Truyền thông số 1
ONW,Công ty Cổ phần Dịch vụ Một Thế giới
OPC,Công ty cổ phần Dược phẩm OPC
ORS,Công ty cổ phần Chứng khoán Phương Đông
PAI,"CTCP Công nghệ thông tin, viễn thông và tự động hóa Dầu khí"
PAN,Công ty Cổ phần Tập đoàn PAN
PBP,Công ty cổ phần Bao bì Dầu khí Việt Nam
PC1,Công ty cổ phần Xây lắp điện 1
PCE,Công ty cổ phần Phân bón và Hóa chất Dầu khí Miền Trung
PCG,Công ty Cổ phần Đầu tư và Phát triển Gas Đô Thị
PCN,Công ty cổ phần Hóa phẩm dầu khí DMC - miền Bắc
PCT,Công ty cổ phần Dịch vụ Vận tải Dầu khí Cửu Long
PDB,Công ty Cổ phần Pacific Dinco
PDC,Công ty cổ phần Du lịch Dầu khí Phương Đông
PDN,Công ty Cổ phần Cảng Đồng Nai
PDR,Công ty cổ phần Phát triển Bất động sản Phát Đạt
PEC,Công ty Cổ phần Cơ khí Điện lực
PEN,Công ty cổ phần Xây lắp III Petrolimex
PEQ,CTCP Thiết bị Xăng dầu Petrolimex
PET,Tổng Công ty Cổ phần Dịch vụ Tổng hợp Dầu khí
PFL,Công ty cổ phần Dầu khí Đông Đô
PFV,Công ty Cổ phần Đầu tư và Thương mại PFV
PGC,Tổng Công ty Gas Petrolimex-CTCP
PGD,Công ty Cổ phần Phân phối Khí thấp áp Dầu khí Việt Nam
PGI,Tổng Công ty cổ phần Bảo hiểm Petrolimex
PGS,Công ty Cổ phần Kinh doanh Khí Miền Nam
PGT,Công ty Cổ phần PGT Holdings
PHC,Công ty cổ phần Xây dựng Phục Hưng Holdings
PHH,Công ty Cổ phần Hồng Hà Việt Nam
PHP,Công ty cổ phần Cảng Hải Phòng
PHR,Công ty cổ phần Cao su Phước Hòa
PHS,Công ty Cổ phần Chứng khoán Phú Hưng
PHT,Công ty Cổ phần Sản xuất và Thương mại Phúc Tiến
PIA,Công ty cổ phần Tin học Viễn thông Petrolimex
PIC,CTCP Đầu tư Điện lực 3
PID,Công ty Cổ phần Trang trí Nội thất Dầu khí
PIS,Tổng công ty Pisico Bình Định - CTCP
PIT,Công ty Cổ phần Xuất nhập khẩu Petrolimex
PIV,Công ty Cổ phần PIV
PJC,Công ty Cổ phần Thương mại và Vận tải Petrolimex Hà Nội
PJS,Công ty cổ phần Cấp nước Phú Hòa Tân
PKR,Công ty Cổ phần Đường sắt Phú Khánh
PLC,Tổng Công ty Hóa dầu Petrolimex-CTCP
PMB,Công ty cổ phần Phân bón và Hóa chất Dầu khí Miền Bắc
PMC,Công ty Cổ phần Dược phẩm Dược liệu Pharmedic
PMJ,CTCP Vật tư Bưu điện
PMP,Công ty cổ phần Bao bì Đạm Phú Mỹ
PMT,Công ty cổ phần Viễn thông TELVINA Việt Nam
PNC,Công ty Cổ phần Văn hóa Phương Nam
PND,Công ty Cổ phần Xăng dầu Dầu khí Nam Định
PNG,Công ty cổ phần Thương mại Phú Nhuận
PNJ,Công ty Cổ phần Vàng bạc Đá quý Phú Nhuận
PNT,Công ty cổ phần Kỹ thuật Xây dựng Phú Nhuận
POM,Công ty Cổ phần Thép Pomina
POS,"Công ty Cổ phần Dịch vụ Lắp đặt, Vận hành và Bảo dưỡng Công trình Dầu khí biển PTSC"
POT,Công ty Cổ phần Thiết bị Bưu điện
POV,Công ty Cổ phần Xăng dầu Dầu khí Vũng Áng
PPE,Công ty cổ phần Tư vấn Điện lực Dầu khí Việt Nam
PPG,Công ty Cổ phần Sản xuất Thương mại Dịch vụ Phú Phong
PPI,Công ty Cổ phần Đầu tư và Phát triển Dự án Hạ tầng Thái Bình Dương
PPP,Công ty Cổ phần Dược phẩm Phong Phú
PPS,Công ty Cổ phần Dịch vụ Kỹ thuật Điện lực Dầu khí Việt Nam
PPY,CTCP Xăng dầu Dầu khí Phú Yên
PRC,Công ty Cổ phần Logistics Portserco
PRO,Công ty Cổ phần Procimex Việt Nam
PSB,Công ty cổ phần Đầu tư Dầu khí Sao Mai – Bến Đình
PSC,Công ty cổ phần Vận tải và Dịch vụ Petrolimex Sài Gòn
PSD,Công ty cổ phần Dịch vụ Phân phối Tổng hợp Dầu khí
PSE,Công ty cổ phần Phân bón và Hóa chất Dầu khí Đông Nam Bộ
PSG,Công ty Cổ phần Đầu tư và Xây lắp Dầu khí Sài Gòn
PSI,Công ty cổ phần Chứng khoán Dầu khí
PSL,Công ty Cổ phần Chăn nuôi Phú Sơn
PSP,Công ty Cổ phần Cảng dịch vụ Dầu khí Đình Vũ
PSW,Công ty cổ phần Phân bón và Hóa chất Dầu khí Tây Nam Bộ
PTB,Công ty Cổ phần Phú Tài
PTC,Công ty Cổ phần Đầu tư và Xây dựng Bưu điện
PTD,CTCP Thiết kế - Xây dựng - Thương mại Phúc Thịnh
PTE,Công ty Cổ phần Xi măng Phú Thọ
PTG,Công ty Cổ phần May Xuất khẩu Phan Thiết
PTH,Công ty Cổ phần Vận tải và Dịch vụ Petrolimex Hà Tây
PTI,Tổng Công ty Cổ phần Bảo hiểm Bưu điện
PTK,Công ty Cổ phần Luyện kim Phú Thịnh
PTL,Công ty Cổ phần Đầu tư Hạ tầng và Đô thị Dầu khí PVC
PTM,"Công ty cổ phần Sản xuất, Thương mại và Dịch vụ ôtô PTM"
PTP,Công ty Cổ phần Dịch vụ Viễn thông và In Bưu điện
PTS,Công ty Cổ phần Vận tải và Dịch vụ Petrolimex Hải Phòng
PTT,Công ty Cổ phần Vận tải Dầu khí Đông Dương
PV2,Công ty cổ phần Đầu tư PV2
PVA,Công ty Cổ phần Tổng Công ty Xây lắp Dầu khí Nghệ An
PVB,Công ty cổ phần Bọc ống Dầu khí Việt Nam
PVC,Tổng Công ty Dung dịch khoan và Hóa phẩm Dầu khí-CTCP
PVD,Tổng Công ty Cổ phần Khoan và Dịch vụ Khoan Dầu khí
PVE,Tổng Công ty Tư vấn Thiết kế Dầu khí-CTCP
PVF,Tổng Công ty Tài chính Cổ phần Dầu khí Việt Nam
PVG,Công ty Cổ phần Kinh doanh Khí hóa lỏng Miền Bắc
PVI,Công ty Cổ phần PVI
PVL,Công ty cổ phần Địa ốc Dầu khí
PVM,Công ty Cổ phần Máy - Thiết bị Dầu khí
PVO,CTCP Dầu nhờn PV Oil
PVP,Công ty Cổ phần Vận tải dầu khí Thái Bình Dương
PVR,Công ty Cổ phần Kinh doanh Dịch vụ cao cấp Dầu khí Việt Nam
PVS,Tổng Công ty Cổ phần Dịch vụ Kỹ thuật Dầu khí Việt Nam
PVT,Tổng công ty Cổ phần Vận tải Dầu khí
PVV,Công ty Cổ phần Đầu tư Xây dựng Vinaconex - PVC
PVX,Tổng Công ty cổ phần Xây lắp Dầu khí Việt Nam
PX1,Công ty cổ phần Xi măng Sông Lam 2
PXA,Công ty cổ phần Đầu tư & Thương mại Dầu khí Nghệ An
PXC,Công ty cổ phần Phát triển đô thị Dầu khí
PXI,Công ty Cổ phần Xây dựng công nghiệp và dân dụng Dầu khí
PXL,Công ty cổ phần Đầu tư Xây dựng Thương mại Dầu khí-IDICO
PXM,Công ty Cổ phần Xây lắp Dầu khí Miền Trung
PXS,Công ty Cổ phần Kết cấu Kim loại và Lắp máy Dầu khí
PXT,Công ty Cổ phần Xây lắp Đường ống Bể chứa Dầu khí
QBR,Công ty Cổ Phần Đường sắt Quảng Bình
QBS,Công ty Cổ phần Xuất nhập khẩu Quảng Bình
QCC,CTCP Đầu tư Xây dựng và Phát triển Hạ tầng Viễn thông
QCG,Công ty Cổ phần Quốc Cường Gia Lai
QHD,Công ty Cổ phần Que hàn điện Việt Đức
QHW,CTCP Nước khoáng Quảng Ninh
QNC,Công ty Cổ phần Xi măng và Xây dựng Quảng Ninh
QNS,Công ty Cổ phần Đường Quảng Ngãi
QNU,Công ty Cổ phần Môi trường Đô thị Quảng Nam
QNW,CTCP Cấp thoát nước và Xây dựng Quảng Ngãi
QPH,Công ty Cổ phần Thủy điện Quế Phong
QSP,Công ty cổ phần Tân Cảng Quy Nhơn
QST,Công ty Cổ phần Sách và Thiết bị trường học Quảng Ninh
QTC,Công ty Cổ phần Công trình Giao thông Vận tải Quảng Nam
RAL,Công ty Cổ phần Bóng đèn Phích nước Rạng Đông
RAT,CTCP Vận tải và Thương mại Đường sắt
RBC,CTCP Công nghiệp và Xuất nhập khẩu Cao Su
RCC,Công ty Cổ phần Tổng công ty Công trình đường sắt
RCD,Công ty cổ phần Xây dựng - Địa ốc Cao su
RCL,Công ty Cổ phần Địa ốc Chợ Lớn
RDP,Công ty Cổ phần Nhựa Rạng Đông
REM,Công ty cổ phần Tu bổ di tích Trung ương - Vinaremon
RHC,Công ty Cổ phần Thủy điện Ry Ninh II
RIC,Công ty Cổ phần Quốc tế Hoàng Gia
RLC,Công ty Cổ phần Đường bộ Lào Cai
ROS,CTCP Xây dựng FLC Faros
RTB,Công ty cổ phần Cao su Tân Biên
RTH,Công ty Cổ phần Đường sắt Thanh Hóa
RTS,CTCP Thông tin tín hiệu Đường sắt Đà Nẵng
S12,Công ty Cổ phần Sông Đà 12
S27,Công ty cổ phần Sông Đà 27
S33,Công ty cổ phần Mía đường 333
S4A,Công ty Cổ phần Thủy điện Sê San 4A
S55,Công ty Cổ phần Sông Đà 505
S64,Công ty Cổ phần Sông Đà 6.04
S74,Công ty Cổ phần Sông Đà 7.04
S91,Công ty Cổ phần Sông Đà 9.01
S96,Công ty Cổ phần Sông Đà 9.06
S99,Công ty Cổ phần SCI
SAB,Tổng CTCP Bia - Rượu - Nước giải khát Sài Gòn
SAC,Công ty Cổ phần Xếp dỡ và Dịch vụ Cảng Sài Gòn
SAF,Công ty Cổ phần Lương thực Thực phẩm Safoco
SAM,Công ty Cổ phần Đầu tư và Phát triển Sacom
SAP,Công ty Cổ phần In Sách giáo khoa tại Tp.Hồ Chí Minh
SAS,CTCP Dịch vụ Hàng không Sân bay Tân Sơn Nhất
SAV,Công ty Cổ phần Hợp tác kinh tế và Xuất nhập khẩu SAVIMEX
SB1,Công ty cổ phần Bia Sài Gòn - Nghệ Tĩnh
SBA,Công ty Cổ phần Sông Ba
SBC,Công ty Cổ phần Vận tải và Giao nhận bia Sài Gòn
SBD,Công ty Cổ phần Công nghệ Sao Bắc Đẩu
SBL,Công ty Cổ phần Bia Sài Gòn - Bạc Liêu
SBS,Công ty Cổ phần Chứng khoán Ngân hàng Sài Gòn Thương Tín
SBT,Công ty cổ phần Mía đường Thành Thành Công Tây Ninh
SBV,Công ty cổ phần Siam Brothers Việt Nam
SC5,Công ty Cổ phần Xây dựng số 5
SCC,Công ty Cổ phần Đầu tư Thương mại Hưng Long tỉnh Hòa Bình
SCD,Công ty Cổ phần Nước giải khát Chương Dương
SCH,CTCP Thủy điện Sông chảy 5
SCI,Công ty Cổ phần Xây dựng và Đầu tư Sông Đà 9
SCJ,Công ty Cổ phần Xi măng Sài Sơn
SCL,Công ty Cổ phần Sông Đà Cao Cường
SCO,Công ty Cổ phần Công nghiệp Thủy sản
SCR,Công ty Cổ phần Địa ốc Sài Gòn Thương Tín
SD1,Công ty Cổ phần Sông Đà 1
SD2,Công ty Cổ phần Sông Đà 2
SD3,Công ty Cổ phần Sông Đà 3
SD4,Công ty Cổ phần Sông Đà 4
SD5,Công ty Cổ phần Sông Đà 5
SD6,Công ty Cổ phần Sông Đà 6
SD7,Công ty Cổ phần Sông Đà 7
SD8,Công ty Cổ phần Sông Đà 8
SD9,Công ty Cổ phần Sông Đà 9
SDA,Công ty Cổ phần Simco Sông Đà
SDB,Công ty Cổ phần Sông Đà 207
SDC,Công ty Cổ phần Tư vấn Sông Đà
SDD,Công ty Cổ phần Đầu tư và Xây lắp Sông Đà
SDE,Công ty cổ phần Kỹ thuật Điện Sông Đà
SDF,Công ty Tài chính cổ phần Sông Đà
SDG,Công ty Cổ phần Sadico Cần Thơ
SDH,Công ty Cổ phần Xây dựng hạ tầng Sông Đà
SDI,Công ty cổ phần Đầu tư và Phát triển Đô thị Sài Đồng
SDJ,Công ty Cổ phần Sông Đà 25
SDK,Công ty Cổ phần Cơ khí Luyện kim
SDN,Công ty Cổ phần Sơn Đồng Nai
SDP,Công ty cổ phần Đầu tư và Thương mại Dầu khí Sông Đà
SDS,Công ty Cổ phần Xây lắp và Đầu tư Sông Đà
SDT,Công ty Cổ phần Sông Đà 10
SDU,Công ty Cổ phần Đầu tư Xây dựng và Phát triển Đô thị Sông Đà
SDV,Công ty Cổ phần Dịch vụ Sonadezi
SDX,CTCP Phòng cháy chữa cháy và Đầu tư Xây dựng Sông Đà
SDY,Công ty Cổ phần Xi măng Sông Đà Yaly
SEA,Tổng công ty Thủy sản Việt Nam – CTCP
SEB,Công ty Cổ phần Đầu tư và Phát triển Điện miền Trung
SEC,Công ty Cổ phần Mía đường Nhiệt điện Gia Lai
SED,Công ty Cổ phần Đầu tư và Phát triển giáo dục Phương Nam
SEL,Công ty Cổ phần Sông Đà 11 Thăng Long
SEP,Công ty Cổ phần Tổng Công ty Thương mại Quảng Trị
SFG,Công ty Cổ phần Phân bón Miền Nam
SFI,Công ty Cổ phần Đại lý Vận tải SAFI
SFN,Công ty Cổ phần Dệt lưới Sài Gòn
SFT,CÔNG TY CỔ PHẦN SOFTECH
SGD,Công ty cổ phần Sách Giáo dục tại T.P Hồ Chí Minh
SGN,Công ty cổ phần Phục vụ Mặt đất Sài Gòn
SGO,Công ty cổ phần Dầu thực vật Sài Gòn
SGP,Công ty Cổ phần Cảng Sài Gòn
SGR,Công ty cổ phần Địa ốc Sài Gòn
SGS,Công ty Cổ phần Vận tải biển Sài Gòn
SGT,Công ty Cổ phần Công nghệ Viễn thông Sài Gòn
SHA,Công ty Cổ phần Sơn Hà Sài Gòn
SHB,Ngân hàng Thương mại cổ phần Sài Gòn - Hà Nội
SHG,Tổng Công ty Cổ phần Sông Hồng
SHI,Công ty cổ phần Quốc tế Sơn Hà
SHN,Công ty Cổ phần Đầu tư Tổng hợp Hà Nội
SHP,Công ty cổ phần Thủy điện Miền Nam
SHS,Công ty Cổ phần Chứng Khoán Sài Gòn Hà Nội
SHV,Công ty Cổ phần Hải Việt
SHX,CTCP Sài Gòn Hỏa xa
SIC,Công ty cổ phần Đầu tư - Phát triển Sông Đà
SID,Công ty Cổ phần Đầu tư Phát triển Sài Gòn Co.op
SII,Công ty cổ phần Hạ tầng nước Sài Gòn
SJ1,Công ty Cổ phần Nông Nghiệp Hùng Hậu
SJC,Công ty Cổ phần Sông Đà 1.01
SJD,Công ty Cổ phần Thủy điện Cần Đơn
SJE,Công ty Cổ phần Sông Đà 11
SJF,CTCP Đầu tư Sao Thái Dương
SJM,Công ty Cổ phần Sông Đà 19
SKG,Công ty Cổ phần Tàu cao tốc Superdong – Kiên Giang
SKS,Công ty cổ phần Công trình Giao thông Sông Đà
SLC,CTCP Dịch vụ xuất khẩu lao động và chuyên gia
SLS,Công ty cổ phần Mía đường Sơn La
SMA,Công ty Cổ phần Thiết bị Phụ tùng Sài Gòn
SMB,Công ty Cổ phần Bia Sài Gòn - Miền Trung
SME,Công ty Cổ phần Chứng khoán SME
SMN,Công ty Cổ phần Sách và Thiết bị Giáo dục Miền Nam
SMT,Công ty cổ phần Vật liệu Điện và Viễn thông Sam Cường
SNC,Công ty Cổ phần Xuất nhập khẩu Thủy sản Năm Căn
SNG,Công ty TNHH MTV Sông Đà 10.1
SP2,CTCP Thủy điện Sử Pán 2
SPA,Công ty Cổ Phần Bao bì Sài Gòn
SPB,CTCP Sợi Phú Bài
SPC,Công ty Cổ phần Bảo vệ Thực vật Sài Gòn
SPD,Công ty Cổ phần Xuất nhập khẩu Thủy sản Miền Trung
SPH,Công ty cổ phần Xuất nhập khẩu Thủy sản Hà Nội
SPI,Công ty cổ phần Đá Spilít
SPM,Công ty Cổ phần S.P.M
SPP,Công ty cổ phần Bao bì Nhựa Sài Gòn
SPV,Công ty cổ phần Thủy Đặc Sản
SQC,Công ty Cổ phần Khoáng sản Sài Gòn - Quy Nhơn
SRA,Công ty Cổ phần Sara Việt Nam
SRB,Công ty Cổ phần Tập đoàn Sara
SRC,Công ty Cổ phần Cao Su Sao Vàng
SRF,Công ty Cổ phần Kỹ Nghệ Lạnh
SRT,Công ty Cổ phần Vận tải Đường sắt Sài Gòn
SSC,Công ty Cổ phần Giống cây trồng Miền Nam
SSF,Công ty Cổ phần Giầy Sài Gòn
SSG,Công ty Cổ phần Vận tải biển Hải Âu
SSM,Công ty Cổ phần Chế tạo Kết cấu Thép VNECO.SSM
SSN,Công ty Cổ phần Xuất nhập khẩu Thủy sản Sài Gòn
SSS,Công ty Cổ phần Sông Đà 6.06
SSU,CTCP Môi trường Đô thị Sóc Sơn
ST8,Công ty Cổ phần Siêu Thanh
STC,Công ty Cổ phần Sách và Thiết bị trường học Tp. Hồ Chí Minh
STG,Công ty Cổ phần Kho vận Miền Nam
STK,Công ty cổ phần Sợi Thế Kỷ
STL,Công ty cổ phần Sông Đà - Thăng Long
STP,Công ty Cổ phần Công nghiệp Thương mại Sông Đà
STS,Công ty Cổ phần Dịch vụ Vận tải Sài Gòn
STT,Công ty cổ phần Vận chuyển Sài Gòn Tourist
STU,Công ty Cổ phần Môi trường và Công trình Đô thị Sơn Tây
STV,Công ty cổ phần Chế tác Đá Việt Nam
SVC,Công ty Cổ phần Dịch vụ tổng hợp Sài Gòn
SVG,CTCP Hơi Kỹ nghệ Que hàn
SVI,Công ty Cổ phần Bao bì Biên Hòa
SVN,Công ty cổ phần SOLAVINA
SVS,Công ty Cổ phần Chứng khoán Sao Việt
SVT,Công ty Cổ phần Công nghệ Sài Gòn Viễn Đông
SWC,Tổng Công ty Cổ phần Đường Sông Miền Nam
SZC,Công ty cổ phần Sonadezi Châu Đức
SZE,Công ty Cổ phần Môi trường Sonadezi
SZL,Công ty cổ phần Sonadezi Long Thành
TA9,Công ty Cổ phần Xây lắp Thành An 96
TAC,Công ty Cổ phần Dầu Thực vật Tường An
TAG,Công ty Cổ phần Thế giới số Trần Anh
TAP,Công ty cổ phần Đô thị Tân An
TAS,Công ty Cổ phần Chứng khoán Tràng An
TAW,CTCP Cấp nước Trung An
TB8,CTCP Sản xuất và Kinh doanh Vật tư Thiết bị - VVMI
TBD,Tổng Công ty Thiết bị Điện Đông Anh - Công ty Cổ phần
TBT,Công ty Cổ phần Xây dựng Công trình Giao thông Bến Tre
TBX,Công ty Cổ phần Xi măng Thái Bình
TC6,Công ty cổ phần Than Cọc Sáu - Vinacomin
TCH,Công ty cổ phần Đầu tư Dịch vụ Tài chính Hoàng Huy
TCL,Công ty Cổ phần Đại lý Giao nhận Vận tải Xếp dỡ Tân Cảng
TCM,Công ty Cổ phần Dệt may - Đầu tư - Thương mại Thành Công
TCO,Công ty Cổ phần Vận tải Đa phương thức Duyên Hải
TCR,Công ty Cổ phần Công nghiệp Gốm sứ Taicera
TCS,Công ty Cổ phần Than Cao Sơn - TKV
TCT,Công ty Cổ phần Cáp treo Núi Bà Tây Ninh
TDC,Công ty Cổ phần Kinh doanh và Phát triển Bình Dương
TDH,Công ty Cổ phần Phát triển Nhà Thủ Đức
TDM,CTCP Nước Thủ Dầu Một
TDN,Công ty Cổ phần Than Đèo Nai - Vinacomin
TDS,Công ty cổ phần Thép Thủ Đức - Vnsteel
TDW,Công ty Cổ phần Cấp nước Thủ Đức
TEG,Công ty cổ phần Bất động sản và Xây dựng Trường Thành
TET,Công ty Cổ phần Vải sợi May mặc Miền Bắc
TFC,Công ty Cổ phần Trang
TGP,Công ty Cổ phần Trường Phú
TH1,Công ty Cổ phần Xuất nhập khẩu Tổng hợp I Việt Nam
THB,Công ty cổ phần Bia Thanh Hóa
THG,Công ty Cổ phần Đầu tư và Xây dựng Tiền Giang
THS,Công ty cổ phần Thanh Hoa - Sông Đà
THT,Công ty cổ phần Than Hà Tu - Vinacomin
THV,Công ty Cổ phần Tập đoàn Thái Hòa Việt Nam
THW,Công ty cổ phần Cấp nước Tân Hòa
TIC,Công ty Cổ phần Đầu tư Điện Tây Nguyên
TIE,Công ty Cổ phần TIE
TIG,Công ty Cổ phần Tập đoàn Đầu tư Thăng Long
TIP,Công ty cổ phần Phát triển Khu Công nghiệp Tín Nghĩa
TIS,Công ty cổ phần Gang thép Thái Nguyên
TIX,CTCP Sản xuất Kinh doanh Xuất nhập khẩu Dịch vụ và Đầu tư Tân Bình
TJC,Công ty cổ phần Dịch vụ Vận tải và Thương mại
TKC,Công ty Cổ phần Xây dựng và Kinh doanh Địa ốc Tân Kỷ
TL4,Tổng công ty Xây dựng Thủy lợi 4 - CTCP
TLC,Công ty Cổ phần Viễn thông Thăng Long
TLH,Công ty Cổ phần Tập đoàn Thép Tiến Lên
TLT,Công ty Cổ phần Viglacera Thăng Long
TMB,Công ty Cổ phần Kinh doanh than Miền Bắc - Vinacomin
TMC,Công ty Cổ phần Thương mại - Xuất nhập khẩu Thủ Đức
TMG,Công ty Cổ phần Kim loại màu Thái Nguyên - Vimico
TMP,Công ty cổ phần Thủy điện Thác Mơ
TMS,Công ty Cổ phần Transimex
TMT,Công ty Cổ phần Ô tô TMT
TMW,Công ty Cổ phần Tổng hợp Gỗ Tân Mai
TMX,Công ty cổ phần VICEM Thương mại Xi măng
TNB,Công ty Cổ phần Thép Nhà Bè - VNSTEEL
TNC,Công ty Cổ phần Cao su Thống Nhất
TND,CTCP Than Tây Nam Đá Mài - Vinacomin
TNG,Công ty Cổ phần Đầu tư và Thương mại TNG
TNM,Công ty Cổ phần Xuất nhập khẩu và Xây dựng Công trình
TNP,Công ty cổ phần Cảng Thị Nại
TNS,Công ty Cổ phần Thép Tấm lá Thống Nhất
TNT,Công ty Cổ phần Tài nguyên
TNY,Công ty Cổ phần Đầu tư Xây dựng Thanh niên
TOP,CTCP Phân phối Top One
TPC,Công ty Cổ phần Nhựa Tân Đại Hưng
TPH,Công ty Cổ phần In Sách giáo khoa tại T.P Hà Nội
TPP,Công ty Cổ phần Nhựa Tân Phú
TPS,CTCP Bến bãi Vận tải Sài Gòn
TQN,Công ty Cổ phần Thông Quảng Ninh
TRA,Công ty Cổ phần TRAPHACO
TRC,Công ty Cổ phần Cao su Tây Ninh
TRS,CTCP Vận tải và Dịch vụ Hàng hải
TSB,Công ty Cổ phần Ắc quy Tia sáng
TSC,Công ty Cổ phần Vật tư kỹ thuật Nông nghiệp Cần Thơ
TSM,Công ty Cổ phần Xi măng Tiên Sơn Hà Tây
TST,Công ty Cổ phần Dịch vụ Kỹ thuật Viễn thông
TTB,Công ty cổ phần Tập đoàn Tiến Bộ
TTD,Công ty Cổ phần Bệnh viện Tim Tâm Đức
TTF,Công ty Cổ phần Tập đoàn Kỹ nghệ Gỗ Trường Thành
TTG,Công ty Cổ phần May Thanh Trì
TTH,Công ty cổ phần Thương Mại và Dịch Vụ Tiến Thành
TTP,Công ty Cổ phần Bao bì Nhựa Tân Tiến
TTR,Công ty Cổ phần Du lịch Thương mại và Đầu tư
TTV,CTCP Thông tin Tín hiệu Đường sắt Vinh
TTZ,Công ty cổ phần Đầu tư Xây dựng và Công nghệ Tiến Trung
TUG,Công ty Cổ phần Lai dắt và Vận tải Cảng Hải Phòng
TV1,Công ty cổ phần Tư vấn Xây dựng Điện 1
TV2,Công ty Cổ phần Tư vấn Xây dựng Điện 2
TV3,Công ty Cổ phần Tư vấn Xây dựng Điện 3
TV4,Công ty Cổ phần Tư vấn Xây dựng Điện 4
TVB,Công ty cổ phần Chứng khoán Trí Việt
TVC,Công ty cổ phần Quản lý Đầu tư Trí Việt
TVD,Công ty cổ phần Than Vàng Danh - Vinacomin
TVG,Công ty cổ phần Tư vấn Đầu tư và Xây dựng Giao thông Vận tải
TVM,CTCP Tư vấn Đầu tư Mỏ và Công nghiệp - Vinacomin
TVN,Tổng Công ty Thép Việt Nam - CTCP
TVS,Công ty Cổ phần Chứng khoán Thiên Việt
TVU,Công ty cổ phần Công trình Đô thị Trà Vinh
TW3,CTCP Dược Trung ương 3
TXM,Công ty cổ phần VICEM Thạch cao Xi măng
UCT,Công ty Cổ phần Đô thị Cần Thơ
UDC,Công ty cổ phần Xây dựng và Phát triển Đô thị tỉnh Bà Rịa-Vũng Tàu
UDJ,Công ty Cổ phần Phát triển Đô thị
UEM,CTCP Cơ điện Uông Bí- Vinacomin
UIC,Công ty Cổ phần Đầu tư Phát triển Nhà và Đô thị Idico
UPC,CTCP Phát triển Công viên cây xanh và Đô thị Vũng Tàu
UPH,CTCP Dược phẩm TW25
USC,Công ty Cổ phần Khảo sát và Xây dựng - USCO
V11,Công ty Cổ phần Xây dựng số 11
V12,Công ty Cổ phần Xây dựng số 12
V15,Công ty Cổ phần Xây dựng Số 15
V21,Công ty Cổ phần VINACONEX 21
VAF,Công ty cổ phần Phân lân nung chảy Văn Điển
VAT,Công ty Cổ phần VT Vạn Xuân
VBC,Công ty Cổ phần Nhựa Bao bì Vinh
VBH,Công ty Cổ phần Điện tử Bình Hòa
VC2,Công ty Cổ phần Xây dựng số 2
VC3,Công ty Cổ phần Xây dựng số 3
VC5,Công ty Cổ phần Xây dựng số 5
VC6,Công ty Cổ phần Vinaconex 6
VC7,Công ty Cổ phần Xây dựng số 7
VC9,Công ty Cổ phần Xây dựng số 9
VCA,Công ty Cổ phần Thép VICASA - VNSTEEL
VCB,Ngân hàng Thương mại cổ phần Ngoại thương Việt Nam
VCC,Công ty Cổ phần Vinaconex 25
VCE,CTCP Xây lắp Môi trường - TKV
VCF,Công ty Cổ phần VinaCafé Biên Hòa
VCG,Tổng Công ty Cổ phần Xuất nhập khẩu và Xây dựng Việt Nam
VCGPVF,Forum One - VCG Partners Vietnam Fund
VCH,Công ty Cổ phần Đầu tư và Phát triển Hạ tầng Vinaconex
VCM,Công ty Cổ phần Nhân lực và Thương mại Vinaconex
VCP,Công ty cổ phần Đầu tư xây dựng và phát triển năng lượng Vinaconex
VCR,Công ty Cổ phần Đầu tư và Phát triển Du lịch Vinaconex
VCS,Công ty cổ phần Đá thạch anh cao cấp VCS
VCT,Công ty Cổ phần Tư vấn Xây dựng Vinaconex
VCV,Công ty Cổ phần Vận tải Vinaconex
VCW,Công ty Cổ phần Nước sạch Vinaconex
VCX,Công ty Cổ phần Xi măng Yên Bình
VDL,Công ty Cổ phần Thực phẩm Lâm Đồng
VDN,Công ty Cổ phần Vinatex Đà Nẵng
VDS,Công ty Cổ phần Chứng khoán Rồng Việt
VDT,Công ty cổ phần Lưới thép Bình Tây
VE1,Công ty Cổ phần Xây dựng điện VNECO 1
VE2,Công ty cổ phần Xây dựng điện VNECO 2
VE3,Công ty cổ phần Xây dựng điện VNECO 3
VE4,Công ty Cổ phần Xây dựng điện VNECO4
VE8,Công ty cổ phần Xây dựng điện VNECO 8
VE9,Công ty Cổ phần Đầu tư và xây dựng VNECO 9
VEE,Công ty Cổ phần Thiết bị điện Cẩm Phả
VEF,CTCP Trung tâm Hội chợ Triển lãm Việt Nam
VES,Công ty Cổ phần Đầu tư và Xây dựng điện Mê Ca Vneco
VFG,Công ty Cổ phần Khử trùng Việt Nam
VFMVF1,Quỹ Đầu tư Chứng khoán Việt Nam
VFMVF4,Quỹ đầu tư Doanh nghiệp Hàng đầu Việt Nam
VFMVFA,Quỹ Đầu tư Năng động Việt Nam
VFMVN30,Quỹ ETF VFMVN30
VGC,Tổng Công ty Viglacera - CTCP
VGG,Tổng Công ty cổ phần May Việt Tiến
VGL,CTCP Mạ kẽm công nghiệp Vingal - Vnsteel
VGP,Công ty Cổ phần Cảng Rau quả
VGS,Công ty Cổ phần Ống thép Việt Đức VG PIPE
VGT,Tập đoàn Dệt may Việt Nam
VHC,Công ty Cổ phần Vĩnh Hoàn
VHF,Công ty Cổ phần Xây dựng và Chế biến lương thực Vĩnh Hà
VHG,Công ty Cổ phần Đầu tư Cao Su Quảng Nam
VHH,Công ty cổ phần Đầu tư Kinh doanh nhà Thành Đạt
VHL,Công ty Cổ phần Viglacera Hạ Long
VIA,Công ty Cổ phần VIAN
VIB,Ngân hàng Thương mại cổ phần Quốc tế Việt Nam
VIC,Tập đoàn Vingroup - Công ty Cổ phần
VIC11501,Trái phiếu Vingroup 062015
VIC11504,Trái phiếu VIC11201802
VID,Công ty Cổ phần Đầu tư Phát triển Thương mại Viễn Đông
VIE,Công ty Cổ phần Công nghệ Viễn thông VITECO
VIF,Tổng Công ty Lâm nghiệp Việt Nam - CTCP
VIG,Công ty Cổ phần Chứng khoán Thương mại và Công nghiệp Việt Nam
VIM,Công ty Cổ phần Khoáng sản Viglacera
VIN,CTCP Giao nhận Kho vận Ngoại thương Việt Nam
VIP,Công ty Cổ phần Vận tải Xăng dầu VIPCO
VIR,Công ty cổ phần Du lịch Quốc tế Vũng Tàu
VIS,Công ty Cổ phần Thép Việt Ý
VIT,Công ty Cổ phần Viglacera Tiên Sơn
VIX,Công ty cổ phần Chứng khoán IB
VJC,Công ty cổ phần Hàng không VietJet
VKC,Công ty cổ phần Cáp Nhựa Vĩnh Khánh
VKD,Công ty Cổ phần Nước khoáng Khánh Hòa - FIT Beverage
VKP,Công ty Cổ phần Nhựa Tân Hóa
VLA,Công ty Cổ phần Đầu tư và Phát triển Công nghệ Văn Lang
VLB,CTCP Xây dựng và Sản xuất Vật liệu Xây dựng Biên Hòa
VLC,Tổng Công ty Chăn nuôi Việt Nam - CTCP
VLF,Công ty Cổ phần Lương thực Thực phẩm Vĩnh Long
VLG,CTCP Vinalines Logistics - Việt Nam
VMA,Công ty cổ phần Công nghiệp Ô tô – Vinacomin
VMC,Công ty Cổ phần Vimeco
VMD,Công ty cổ phần Y Dược phẩm Vimedimex
VMG,Công ty Cổ phần Thương mại và Dịch vụ Dầu khí Vũng Tàu
VMI,Công ty Cổ phần Khoáng sản và Đầu tư VISACO
VMS,CTCP Phát triển Hàng hải
VNA,Công ty Cổ phần Vận tải Biển Vinaship
VNB,CTCP Sách Việt Nam
VNC,Công ty Cổ phần Tập đoàn Vinacontrol
VND,Công ty cổ phần Chứng khoán VNDIRECT
VNE,Tổng công ty Cổ phần Xây dựng điện Việt Nam
VNF,Công ty cổ phần Vinafreight
VNG,Công ty Cổ phần Du lịch Thành Thành Công
VNH,Công ty Cổ phần Thủy hải sản Việt Nhật
VNI,Công ty cổ phần Đầu tư Bất động sản Việt Nam
VNL,Công ty cổ phần Logistics Vinalink
VNN,Công ty cổ phần Đầu tư và Thương mại VNN
VNP,Công ty cổ phần Nhựa Việt Nam
VNR,Tổng Công ty Cổ phần Tái bảo hiểm quốc gia Việt Nam
VNS,Công ty Cổ phần Ánh Dương Việt Nam
VNT,Công ty cổ phần Giao nhận Vận tải Ngoại thương
VNX,Công ty Cổ phần Quảng cáo và Hội chợ Thương mại
VNY,Công ty Cổ phần Thuốc Thú y Trung ương I
VOC,Tổng Công ty Công nghiệp Dầu thực vật Việt Nam - CTCP
VOS,Công ty Cổ phần Vận tải biển Việt Nam
VPA,CTCP Vận tải Hóa dầu VP
VPC,Công ty Cổ phần Đầu tư và Phát triển Năng lượng Việt Nam
VPD,CTCP Phát triển Điện lực Việt Nam
VPH,Công ty Cổ phần Vạn Phát Hưng
VPK,Công ty Cổ phần Bao bì dầu thực vật
VPL,Công ty TNHH Một thành viên Vinpearl
VPR,CTCP In và Thương mại Vina
VPS,CTCP Thuốc sát trùng Việt Nam
VQC,Công ty Cổ phần Giám định Vinacomin
VRC,Công ty Cổ phần Xây lắp và Địa ốc Vũng Tàu
VRG,CTCP Phát triển đô thị và Khu công nghiệp Cao su Việt Nam
VSA,Công ty cổ phần Đại lý Hàng hải Việt Nam
VSC,Công ty cổ phần Tập đoàn Container Việt Nam
VSG,Công ty Cổ phần Container Phía Nam
VSI,Công ty Cổ phần Đầu tư và Xây dựng Cấp thoát nước
VSN,CTCP Việt Nam Kỹ nghệ Súc sản
VSP,Công ty cổ phần Vận tải biển và Bất động sản Việt Hải
VST,Công ty Cổ phần Vận tải và Thuê tàu biển Việt Nam
VT1,Công ty Cổ phần Vật tư Bến Thành
VT8,Công ty Cổ phần Dịch vụ Vận tải ô tô số 8
VTA,Công ty Cổ phần Vitaly
VTB,Công ty Cổ phần Viettronics Tân Bình
VTF,Công ty Cổ phần Thức ăn Chăn nuôi Việt Thắng
VTG,Công ty cổ phần Du lịch tỉnh Bà Rịa - Vũng Tàu
VTH,Công ty Cổ phần Dây cáp điện Việt Thái
VTI,Công ty Cổ phần Sản xuất – Xuất nhập khẩu Dệt May
VTJ,Công ty cổ phần Thương mại và Đầu tư Vinataba
VTL,Công ty Cổ phần Vang Thăng Long
VTM,CTCP Vận tải và Đưa đón thợ mỏ - Vinacomin
VTO,Công ty Cổ phần Vận tải Xăng dầu VITACO
VTS,Công ty Cổ phần Viglacera Từ Sơn
VTV,Công ty Cổ phần VICEM Vật tư Vận tải Xi măng
VTX,Công ty cổ phần Vận tải đa phương thức Vietranstimex
VWS,Công ty Cổ phần Nước và Môi trường Việt Nam
VXB,Công ty Cổ phần Vật liệu xây dựng Bến Tre
WCS,Công ty Cổ phần Bến xe Miền Tây
WSB,Công ty Cổ phần Bia Sài Gòn - Miền Tây
WSS,Công ty Cổ phần Chứng khoán Phố Wall
WTC,CTCP Vận tải thủy - Vinacomin
X18,Công ty Cổ phần Xi măng X18
X77,Công ty Cổ phần Thành An 77
XHC,Công ty cổ phần Xuân Hòa Việt Nam
XMC,Công ty cổ phần Đầu Tư và Xây Dựng Xuân Mai
XMD,Công ty cổ phần Xuân Mai - Đạo Tú
XPH,Công ty Cổ phần Xà phòng Hà Nội
YBC,Công ty Cổ phần Xi măng và Khoáng sản Yên Bái
YRC,CTCP Đường sắt Yên Lào
YSC,Công ty Cổ phần Hapaco Yên Sơn
VPB,Ngân hàng Thương mại Cổ phần Việt Nam Thịnh Vượng
TCB,Ngân hàng Thương mại Cổ phần Kỹ Thương Việt Nam
TPB,Ngân hàng Thương mại Cổ phần Tiên Phong
